{
  "A": {
    "thumb_index": 0.5577913346026694,
    "index_middle": 0.24758413752533853,
    "middle_ring": 0.26805665116673855,
    "ring_pinky": 0.19817417556125747,
    "thumb_wrist": 1.6457958324803486,
    "index_wrist": 1.0949959277904828,
    "middle_wrist": 1.0,
    "ring_wrist": 0.9025961465268328,
    "pinky_wrist": 0.9279893106362618
  },
  "B": {
    "thumb_index": 0.4476788283899017,
    "index_middle": 0.08742353969404372,
    "middle_ring": 0.08232143934009879,
    "ring_pinky": 0.13413269775165199,
    "thumb_wrist": 0.4994924675178343,
    "index_wrist": 0.9449357076316296,
    "middle_wrist": 1.0,
    "ring_wrist": 0.9440581478565043,
    "pinky_wrist": 0.8303094823171491
  },
  "C": {
    "thumb_index": 0.40033286695465514,
    "index_middle": 0.06160534073831529,
    "middle_ring": 0.05213477066047903,
    "ring_pinky": 0.09850936010566182,
    "thumb_wrist": 0.7228626063600713,
    "index_wrist": 0.9939655188465762,
    "middle_wrist": 1.0,
    "ring_wrist": 0.9959319561836977,
    "pinky_wrist": 0.9420029164161444
  },
  "D": {
    "thumb_index": 0.8508718248873147,
    "index_middle": 1.0761716890232123,
    "middle_ring": 0.1823619211023274,
    "ring_pinky": 0.12649591824365455,
    "thumb_wrist": 1.2328919049938047,
    "index_wrist": 2.0673649810671795,
    "middle_wrist": 1.0,
    "ring_wrist": 0.9528386068082316,
    "pinky_wrist": 0.9879117165434977
  },
  "E": {
    "thumb_index": 0.14668833886240906,
    "index_middle": 0.15135606087240805,
    "middle_ring": 0.16649953102654666,
    "ring_pinky": 0.11599154709842587,
    "thumb_wrist": 0.9792421944752504,
    "index_wrist": 1.035231918029486,
    "middle_wrist": 1.0,
    "ring_wrist": 0.9091825604179591,
    "pinky_wrist": 0.9099538959195194
  },
  "F": {
    "thumb_index": 0.06753053396605288,
    "index_middle": 0.45402260270712674,
    "middle_ring": 0.09290301891261328,
    "ring_pinky": 0.153658000926567,
    "thumb_wrist": 0.5755566001711794,
    "index_wrist": 0.5807460569396174,
    "middle_wrist": 1.0,
    "ring_wrist": 0.9364772854531063,
    "pinky_wrist": 0.8070946193867191
  },
  "I": {
    "thumb_index": 0.5176263371521788,
    "index_middle": 0.18303614299888885,
    "middle_ring": 0.2926956026591745,
    "ring_pinky": 1.3118935831485161,
    "thumb_wrist": 1.659282171948142,
    "index_wrist": 1.1531128311464116,
    "middle_wrist": 1.0,
    "ring_wrist": 0.7344681899547626,
    "pinky_wrist": 2.012947704427104
  },
  "L": {
    "thumb_index": 1.8186751379262873,
    "index_middle": 2.1509542025214574,
    "middle_ring": 0.32211242571367993,
    "ring_pinky": 0.18891623985147907,
    "thumb_wrist": 2.0047838648565754,
    "index_wrist": 3.015766386866936,
    "middle_wrist": 1.0,
    "ring_wrist": 0.6984809087739593,
    "pinky_wrist": 0.6764243450118087
  },
  "U": {
    "thumb_index": 0.4435046122674154,
    "index_middle": 0.09514065973155557,
    "middle_ring": 0.7344550200231027,
    "ring_pinky": 0.06602777247967294,
    "thumb_wrist": 0.5129922161317277,
    "index_wrist": 0.9443172610674323,
    "middle_wrist": 1.0,
    "ring_wrist": 0.28588754968213764,
    "pinky_wrist": 0.2570043215838578
  },
  "V": {
    "thumb_index": 0.46902640553946134,
    "index_middle": 0.25160790334825905,
    "middle_ring": 0.714651277736698,
    "ring_pinky": 0.08563756424578606,
    "thumb_wrist": 0.5222618336766633,
    "index_wrist": 0.9496033266774137,
    "middle_wrist": 1.0,
    "ring_wrist": 0.31075316314742574,
    "pinky_wrist": 0.24707641730727714
  },
  "W": {
    "thumb_index": 0.5088930706372194,
    "index_middle": 0.13746094766832204,
    "middle_ring": 0.22488903938477642,
    "ring_pinky": 0.6864209137058398,
    "thumb_wrist": 0.4922398632294379,
    "index_wrist": 0.9617738246263943,
    "middle_wrist": 1.0,
    "ring_wrist": 0.9716750524245112,
    "pinky_wrist": 0.330809810975162
  },
  "Y": {
    "thumb_index": 0.992869993903491,
    "index_middle": 0.2103428717195054,
    "middle_ring": 0.275012736697598,
    "ring_pinky": 1.7975992595657835,
    "thumb_wrist": 1.8819790852351246,
    "index_wrist": 1.0678828527239468,
    "middle_wrist": 1.0,
    "ring_wrist": 0.9098037366245271,
    "pinky_wrist": 2.6696511665314886
  },
  "G": {
    "thumb_index": 0.9171546600702881,
    "index_middle": 1.3159227936963507,
    "middle_ring": 0.4582764927746868,
    "ring_pinky": 0.22907661673496088,
    "thumb_wrist": 1.4488091367453253,
    "index_wrist": 2.192513984221901,
    "middle_wrist": 1.0,
    "ring_wrist": 0.5976694967099508,
    "pinky_wrist": 0.49904720712748724
  },
  "H": {
    "thumb_index": 0.46174648680405217,
    "index_middle": 0.11837591521148928,
    "middle_ring": 0.6525947736212747,
    "ring_pinky": 0.11942886528684774,
    "thumb_wrist": 0.48538335189901344,
    "index_wrist": 0.9437038302092243,
    "middle_wrist": 1.0,
    "ring_wrist": 0.3661329778334604,
    "pinky_wrist": 0.2866612681746747
  },
  "K": {
    "thumb_index": 0.41486885259572426,
    "index_middle": 0.15606589195916626,
    "middle_ring": 0.6851842743524142,
    "ring_pinky": 0.036196662614884745,
    "thumb_wrist": 0.6036105575912649,
    "index_wrist": 1.0129845731988971,
    "middle_wrist": 1.0,
    "ring_wrist": 0.3356314517501514,
    "pinky_wrist": 0.30017512366166244
  },
  "M": {
    "thumb_index": 0.32114502094701036,
    "index_middle": 0.09181040321150122,
    "middle_ring": 0.08203014442811271,
    "ring_pinky": 0.21062745115220688,
    "thumb_wrist": 0.6427666033376676,
    "index_wrist": 0.9536397677086496,
    "middle_wrist": 1.0,
    "ring_wrist": 0.9434189880753391,
    "pinky_wrist": 0.7333076562115262
  },
  "N": {
    "thumb_index": 0.3223837130340994,
    "index_middle": 0.09664381241662154,
    "middle_ring": 0.4942919465594411,
    "ring_pinky": 0.09456417201674988,
    "thumb_wrist": 0.6434368381861826,
    "index_wrist": 0.9619429601287122,
    "middle_wrist": 1.0,
    "ring_wrist": 0.5127566957994023,
    "pinky_wrist": 0.43962905541168734
  },
  "O": {
    "thumb_index": 0.14626984327132836,
    "index_middle": 0.04022938405926358,
    "middle_ring": 0.012275595531977343,
    "ring_pinky": 0.033689850500129584,
    "thumb_wrist": 0.923865113182563,
    "index_wrist": 1.0071400986985437,
    "middle_wrist": 1.0,
    "ring_wrist": 1.0015177925973193,
    "pinky_wrist": 0.9947631516145775
  },
  "P": {
    "thumb_index": 0.39817212926759843,
    "index_middle": 0.8047212002146729,
    "middle_ring": 0.6402837345748508,
    "ring_pinky": 0.09760533394866075,
    "thumb_wrist": 0.7957769719966096,
    "index_wrist": 1.1412219072435121,
    "middle_wrist": 1.0,
    "ring_wrist": 0.4235071955232057,
    "pinky_wrist": 0.4051746078295443
  },
  "Q": {
    "thumb_index": 0.325591347202111,
    "index_middle": 0.8170733020284983,
    "middle_ring": 0.38426937819264434,
    "ring_pinky": 0.31008997243719305,
    "thumb_wrist": 1.5506873877148075,
    "index_wrist": 1.7944315458936937,
    "middle_wrist": 1.0,
    "ring_wrist": 0.7151077292894096,
    "pinky_wrist": 0.7079532795393229
  },
  "R": {
    "thumb_index": 0.467690065534066,
    "index_middle": 0.05598596771336128,
    "middle_ring": 0.6944513285999213,
    "ring_pinky": 0.06881832547445249,
    "thumb_wrist": 0.4965971977517573,
    "index_wrist": 0.9576417261018212,
    "middle_wrist": 1.0,
    "ring_wrist": 0.3193560102239539,
    "pinky_wrist": 0.27839318386275497
  },
  "S": {
    "thumb_index": 0.4427189477086372,
    "index_middle": 0.22574054774651503,
    "middle_ring": 0.2558101994810341,
    "ring_pinky": 0.18665154168015913,
    "thumb_wrist": 1.4011827144813656,
    "index_wrist": 1.0372241532881332,
    "middle_wrist": 1.0,
    "ring_wrist": 0.8140737036005816,
    "pinky_wrist": 0.863101815384442
  },
  "T": {
    "thumb_index": 0.8226611122965416,
    "index_middle": 0.40284630876054023,
    "middle_ring": 0.33166231220023923,
    "ring_pinky": 0.24614155196343476,
    "thumb_wrist": 2.0530932324070332,
    "index_wrist": 1.3746536750480276,
    "middle_wrist": 1.0,