{
  "A": {
    "thumb_index": 0.5684654099675338,
    "index_middle": 0.2775512031460935,
    "middle_ring": 0.2879133383517322,
    "ring_pinky": 0.22744837486418423,
    "thumb_wrist": 1.661484274474932,
    "index_wrist": 1.1172910106193854,
    "middle_wrist": 1.0,
    "ring_wrist": 0.9088936494976025,
    "pinky_wrist": 0.9557388119250003
  },
  "B": {
    "thumb_index": 0.4237618390303783,
    "index_middle": 0.08996771096498431,
    "middle_ring": 0.09405303248988427,
    "ring_pinky": 0.14384283347262247,
    "thumb_wrist": 0.5299164760679079,
    "index_wrist": 0.9417420642681519,
    "middle_wrist": 1.0,
    "ring_wrist": 0.939274983257674,
    "pinky_wrist": 0.8217283350906384
  },
  "C": {
    "thumb_index": 0.6050218807097579,
    "index_middle": 0.020335035045876613,
    "middle_ring": 0.036702254106196944,
    "ring_pinky": 0.06270410538283218,
    "thumb_wrist": 0.688477840813118,
    "index_wrist": 0.9891698673712034,
    "middle_wrist": 1.0,
    "ring_wrist": 1.0128034734885163,
    "pinky_wrist": 1.0020121269591316
  },
  "D": {
    "thumb_index": 1.2229433153575207,
    "index_middle": 1.0687450427761513,
    "middle_ring": 0.09463349216541744,
    "ring_pinky": 0.17114589509409125,
    "thumb_wrist": 0.9934733142818399,
    "index_wrist": 1.7496997144610464,
    "middle_wrist": 1.0,
    "ring_wrist": 0.9503018616679594,
    "pinky_wrist": 1.0840513171988857
  },
  "E": {
    "thumb_index": 0.11443592077321907,
    "index_middle": 0.14455709694822313,
    "middle_ring": 0.1453976272806654,
    "ring_pinky": 0.10810195031651694,
    "thumb_wrist": 0.967567669609384,
    "index_wrist": 1.0419359081601762,
    "middle_wrist": 1.0,
    "ring_wrist": 0.9641434445115878,
    "pinky_wrist": 0.9421356005989799
  },
  "F": {
    "thumb_index": 0.3364868210827259,
    "index_middle": 0.09239011530751642,
    "middle_ring": 0.04891109485885848,
    "ring_pinky": 0.08734422388527127,
    "thumb_wrist": 0.5915156052880686,
    "index_wrist": 0.9209373256269743,
    "middle_wrist": 1.0,
    "ring_wrist": 1.0133611047345048,
    "pinky_wrist": 0.9395361648590151
  },
  "I": {
    "thumb_index": 0.14527431337341995,
    "index_middle": 0.13915035676150675,
    "middle_ring": 0.06643398863152075,
    "ring_pinky": 1.2672778490030028,
    "thumb_wrist": 1.2235515850564829,
    "index_wrist": 1.0821702962598407,
    "middle_wrist": 1.0,
    "ring_wrist": 1.0281831547416467,
    "pinky_wrist": 1.99359227146693
  },
  "L": {
    "thumb_index": 1.855286253077687,
    "index_middle": 1.5480328516346282,
    "middle_ring": 0.3511406797201044,
    "ring_pinky": 0.2132668353267441,
    "thumb_wrist": 1.5145044649516555,
    "index_wrist": 2.4782986728594874,
    "middle_wrist": 1.0,
    "ring_wrist": 0.6580959743224889,
    "pinky_wrist": 0.6900880391098306
  },
  "U": {
    "thumb_index": 0.37565395481566016,
    "index_middle": 0.1009289068929761,
    "middle_ring": 0.7142132463803187,
    "ring_pinky": 0.07375183075645207,
    "thumb_wrist": 0.5571484191757369,
    "index_wrist": 0.9315549119524076,
    "middle_wrist": 1.0,
    "ring_wrist": 0.29451490352782694,
    "pinky_wrist": 0.29280159262378624
  },
  "V": {
    "thumb_index": 0.4006043546814169,
    "index_middle": 0.24840391505602488,
    "middle_ring": 0.7185670278541836,
    "ring_pinky": 0.06851504799811907,
    "thumb_wrist": 0.5978860620390414,
    "index_wrist": 0.9599577530587791,
    "middle_wrist": 1.0,
    "ring_wrist": 0.2871790650902701,
    "pinky_wrist": 0.2856319849550325
  },
  "W": {
    "thumb_index": 0.4872969367323278,
    "index_middle": 0.14474331176059108,
    "middle_ring": 0.1977708223872766,
    "ring_pinky": 0.5188477689093011,
    "thumb_wrist": 0.5013325348850175,
    "index_wrist": 0.9134523920336661,
    "middle_wrist": 1.0,
    "ring_wrist": 0.9187132340194566,
    "pinky_wrist": 0.40297133930223616
  },
  "Y": {
    "thumb_index": 1.379769387263918,
    "index_middle": 0.3045786320823702,
    "middle_ring": 0.29307390666779803,
    "ring_pinky": 2.669275332409508,
    "thumb_wrist": 2.44059503178324,
    "index_wrist": 1.1861024256032147,
    "middle_wrist": 1.0,
    "ring_wrist": 0.8765490365998232,
    "pinky_wrist": 3.4512827811867557
  },
  "G": {
    "thumb_index": 0.965929337986755,
    "index_middle": 1.4843071074564527,
    "middle_ring": 0.3234877881393691,
    "ring_pinky": 0.19306126795767087,
    "thumb_wrist": 1.6425442874946534,
    "index_wrist": 2.4554932251040564,
    "middle_wrist": 1.0,
    "ring_wrist": 0.7281254908705079,
    "pinky_wrist": 0.7519675750919124
  },
  "H": {
    "thumb_index": 0.2751846238267761,
    "index_middle": 0.18748772454812604,
    "middle_ring": 0.7009320155174978,
    "ring_pinky": 0.07741617346359585,
    "thumb_wrist": 0.6341094465271035,
    "index_wrist": 0.9051222763954917,
    "middle_wrist": 1.0,
    "ring_wrist": 0.3105364166053784,
    "pinky_wrist": 0.2896462366740944
  },
  "K": {
    "thumb_index": 0.3502517914485774,
    "index_middle": 0.458348766799641,
    "middle_ring": 0.545282256362043,
    "ring_pinky": 0.06605372596334923,
    "thumb_wrist": 0.808142129686634,
    "index_wrist": 1.1362642204091746,
    "middle_wrist": 1.0,
    "ring_wrist": 0.46352398734780975,
    "pinky_wrist": 0.42594968219707346
  },
  "M": {
    "thumb_index": 0.3201829483823635,
    "index_middle": 0.07998862805369178,
    "middle_ring": 0.11582303852023244,
    "ring_pinky": 0.3306640641778287,
    "thumb_wrist": 0.6768054748977987,
    "index_wrist": 0.9753072957838246,
    "middle_wrist": 1.0,
    "ring_wrist": 0.8986565787078132,
    "pinky_wrist": 0.580847022333079
  },
  "N": {
    "thumb_index": 0.3397345931324221,
    "index_middle": 0.08330220438476713,
    "middle_ring": 0.5814269863688436,
    "ring_pinky": 0.08201618893867554,
    "thumb_wrist": 0.6334059746020154,
    "index_wrist": 0.9704006953424337,
    "middle_wrist": 1.0,
    "ring_wrist": 0.43249903156129826,
    "pinky_wrist": 0.3914671414941587
  },
  "O": {
    "thumb_index": 0.14897177114767832,
    "index_middle": 0.061089736800955155,
    "middle_ring": 0.10253513659511257,
    "ring_pinky": 0.17657228503822694,
    "thumb_wrist": 0.9032968153145624,
    "index_wrist": 0.9799392551812983,
    "middle_wrist": 1.0,
    "ring_wrist": 1.0533594339180783,
    "pinky_wrist": 1.170155218314942
  },
  "P": {
    "thumb_index": 0.49919653068477354,
    "index_middle": 0.8227507787618605,
    "middle_ring": 0.3383897095099619,
    "ring_pinky": 0.21470438494750843,
    "thumb_wrist": 0.923318391376873,
    "index_wrist": 1.3765631705658343,
    "middle_wrist": 1.0,
    "ring_wrist": 0.6719273360132325,
    "pinky_wrist": 0.4891214580146272
  },
  "Q": {
    "thumb_index": 0.4730026520043465,
    "index_middle": 0.16001895592049914,
    "middle_ring": 0.2576485612332372,
    "ring_pinky": 0.2855588658679491,
    "thumb_wrist": 0.938827037764189,
    "index_wrist": 1.095457201153508,
    "middle_wrist": 1.0,
    "ring_wrist": 0.8125232852773567,
    "pinky_wrist": 0.7298532828454477
  },
  "R": {
    "thumb_index": 0.37210772617115245,
    "index_middle": 0.055071401548185205,
    "middle_ring": 0.7255412123293575,
    "ring_pinky": 0.07233134995924535,
    "thumb_wrist": 0.5895547407320604,
    "index_wrist": 0.9577364690386625,
    "middle_wrist": 1.0,
    "ring_wrist": 0.2839104209029667,
    "pinky_wrist": 0.2613386412156371
  },
  "S": {
    "thumb_index": 0.46004330960140893,
    "index_middle": 0.19723630213638602,
    "middle_ring": 0.25294146250827715,
    "ring_pinky": 0.16213082473008109,
    "thumb_wrist": 1.4144642240879657,
    "index_wrist": 1.0183460737602075,
    "middle_wrist": 1.0,
    "ring_wrist": 0.8329505240000318,
    "pinky_wrist": 0.805097316935346
  },
  "T": {
    "thumb_index": 0.2155431826672928,
    "index_middle": 0.5689546217798885,
    "middle_ring": 0.06990671795128044,
    "ring_pinky": 0.1102067132400763,
    "thumb_wrist": 0.6194209688404652,
    "index_wrist": 0.5301236750404202,
    "middle_wrist": 1.0,